Open,High,Low,Close,Adj Close,Volume,sma50,ema20,Position,Hold,Strategy
4586.333008,4628.919922,4441.507813,4511.302246,4511.302246,21502671027,4302.195805660001,4379.162694643299,1,-0.016638228375531833,-0.016638228375531833
4514.355957,4647.289063,4100.145508,4220.706055,4220.706055,25879591528,4310.88964356,4363.988237741812,1,-0.06658343251258048,-0.06658343251258048
4227.762207,4242.725586,3525.494141,4119.587402,4119.587402,38478999182,4316.02869628,4340.595717058133,1,-0.024249412463324037,-0.024249412463324037
4119.628906,4246.92334,4040.217529,4198.322754,4198.322754,25533062707,4323.387509759999,4326.9847122785495,1,0.01893208804349991,0.01893208804349991
4199.0,4375.520508,3930.806641,4358.737305,4358.737305,28229518513,4333.6201660199995,4330.021121006663,0,0.03749730522677567,0.03749730522677567
4358.586914,4428.589355,4264.32373,4315.061523,4315.061523,22366213354,4344.946191399999,4328.591134146726,0,-0.010070824100044173,-0.0
4311.674316,4453.112305,4234.537598,4439.35791,4439.35791,18704315119,4356.180332020001,4339.1755980702,0,0.028398168750355095,0.0
4433.024902,4482.313965,4078.844238,4119.815918,4119.815918,22296131874,4355.45680662,4318.221065323411,0,-0.07470126885536828,-0.0
4113.588379,4227.111816,3897.767578,3908.496094,3908.496094,28014595631,4352.54027342,4279.092976751935,0,-0.05265581294878218,-0.0
3909.667725,4095.648438,3846.054443,4084.452393,4084.452393,19131502454,4354.82568358,4260.5099456537655,0,0.044034996887488236,0.0
4084.811279,4173.608887,3993.055908,4134.453125,4134.453125,14057603914,4354.0814746,4248.477684432407,0,0.012167398385247219,0.0
4136.359863,4145.955078,3680.609131,3784.226807,3784.226807,23999841386,4348.007949219999,4204.173867669411,0,-0.08851347677177233,-0.0
3782.822754,3866.633789,3700.104736,3745.44043,3745.44043,23836759957,4338.55921876,4160.405017377902,0,-0.010302372957655098,-0.0
3862.251465,4086.372803,3664.719971,4018.388672,4018.388672,26411188833,4336.30495118,4146.857260692973,0,0.07034177955658551,0.0
4020.415039,4110.368652,3956.057129,3962.469727,3962.469727,19825531254,4336.94919924,4129.270245239072,0,-0.014013495116875717,-0.0
3959.012451,3992.79248,3711.424561,3879.486572,3879.486572,23143541098,4328.79255372,4105.449096456316,0,-0.021164681225303746,-0.0
3880.291504,3993.829834,3774.61499,3960.860107,3960.860107,19530895889,4319.71482422,4091.6618402420568,0,0.020758382344437703,0.0
3960.872314,4018.658447,3894.398682,3922.592529,3922.592529,16167785597,4311.65366698,4075.542148966614,0,-0.009708405780161404,-0.0
3923.695801,3980.098633,3759.40332,3933.844482,3933.844482,21589690675,4304.5690722399995,4062.0335975149414,0,0.002864392771820032,0.0
3938.463867,4058.821289,3918.837891,4020.26001,4020.26001,16388555198,4298.481733379999,4058.0515506037236,0,0.02172939223261356,0.0
4018.695801,4073.791504,3947.690186,3982.099609,3982.099609,13921756199,4286.427749,4050.8120943352774,0,-0.009537359497990002,-0.0
3981.96167,4149.026855,3897.234375,4108.015625,4108.015625,18007273742,4276.444184540001,4056.2640956377995,0,0.031130875467304905,0.0
4111.345215,4134.106445,4029.064453,4047.98291,4047.98291,12769090623,4266.65735836,4055.4748813848096,0,-0.014721385474811433,-0.0
4049.781982,4138.564941,4027.927002,4093.281006,4093.281006,10894785525,4258.7981152,4059.077653327037,0,0.01112814028037995,0.0
4094.151611,4105.023926,4013.026367,4067.328125,4067.328125,11197244172,4249.7130566000005,4059.8638446508476,0,-0.006360546885739073,-0.0
4064.746338,4126.001465,4033.492432,4037.547607,4037.547607,11424360002,4238.0529149799995,4057.737431245952,0,-0.0073488238462592285,-0.0
4037.538086,4037.538086,3769.280029,3800.893066,3800.893066,17299472803,4217.82902826,4033.2650523553657,0,-0.06040142319818394,-0.0
3797.436279,3827.981934,3612.795898,3628.531738,3628.531738,15722555672,4195.69828606,3994.703324848997,0,-0.04640796992560875,-0.0
3632.219727,3767.559814,3595.204834,3713.852051,3713.852051,12925377999,4177.25184076,3967.9457294677923,0,0.023241540086817905,0.0
3713.430176,3807.288818,3636.869873,3682.632813,3682.632813,14157285268,4156.29681148,3940.7640129847555,0,-0.008441691957648446,-0.0
3683.047119,3769.917969,3682.286621,3769.697021,3769.697021,9776191466,4138.34844722,3924.467005058438,0,0.023366697755857247,0.0
3769.29834,3836.161865,3727.357422,3829.564941,3829.564941,9881471548,4121.91053706,3915.426247102072,0,0.01575657186432416,0.0
3829.535645,3836.19873,3698.047607,3761.380371,3761.380371,12080777893,4104.61096674,3900.7515895584916,0,-0.01796519433567513,-0.0
3761.361572,3876.785156,3723.349854,3794.056641,3794.056641,14030925983,4089.34202144,3890.5878963701493,0,0.008649790523388616,0.0
3794.269043,3842.059814,3456.745361,3550.386963,3550.386963,18061338502,4076.02245602,3858.181260362597,0,-0.06637919929113259,-0.0
3549.708984,3549.708984,3335.376709,3418.408203,3418.408203,24293791313,4058.63874508,3816.2904548590027,0,-0.037881596203369824,-0.0
3417.837891,3420.461914,3117.381348,3193.210449,3193.210449,24494179209,4042.48993648,3756.939686452601,0,-0.06814818395524057,-0.0
3193.502441,3240.304443,3020.880859,3091.972656,3091.972656,16037732700,4018.36325678,3693.6000155552856,0,-0.03221753383115818,-0.0
3091.696289,3206.790771,3075.911377,3157.751465,3157.751465,12334683863,3993.31966304,3642.559910474868,0,0.021050925390710278,0.0
3157.570557,3177.213379,2947.683594,3083.0979,3083.0979,19535744145,3969.58696284,3589.2712871122008,0,-0.023925309425628496,-0.0
3082.990967,3247.511963,3061.140625,3238.111572,3238.111572,15211447193,3952.580039,3555.8237980380727,0,0.04905540854993705,0.0
3238.449951,3401.219971,3216.718018,3372.258301,3372.258301,16662871689,3933.20993158,3538.339616669783,0,0.04059232719181571,0.0
3372.10498,3396.969727,3247.91748,3248.288574,3248.288574,15294466275,3913.37607416,3510.7132016482183,0,-0.03745437389821818,-0.0
3248.648682,3330.766113,3203.82373,3310.001465,3310.001465,13562957230,3894.0812401800003,3491.596229082194,0,0.018820366959384435,0.0
3309.844238,3364.537842,3278.670898,3330.530762,3330.530762,9619999078,3880.0736766999994,3476.2555215768375,0,0.006183047292363743,0.0
3330.387207,3376.401123,3291.563721,3350.921875,3350.921875,9505934874,3865.1538720199997,3464.318181758518,0,0.006103815267836186,0.0
3350.947266,3355.819336,3157.224121,3212.304932,3212.304932,12344309617,3843.5108984000003,3440.3154607662627,0,-0.04224676772597122,-0.0
3212.287598,3236.016113,3096.123535,3164.025146,3164.025146,13024154091,3817.8893017200003,3414.0006501428716,0,-0.015143729412697577,-0.0
3163.850342,3171.158447,3055.212402,3095.825928,3095.825928,13187424144,3787.1762402,3383.696787677518,0,-0.021790268067986538,-0.0
3095.271729,3265.336914,3000.908203,3001.120117,3001.120117,10645922764,3755.45883786,3347.259273767854,0,-0.031069138025266826,-0.0
3002.956787,3029.081055,2496.812988,2557.931641,2557.931641,26796291874,3716.39142576,3272.0821511838517,0,-0.15978661212796685,-0.0
2561.145264,2615.247314,2330.247314,2405.181152,2405.181152,27369692036,3680.0809277000003,3189.517108307175,0,-0.06157375538936473,-0.0
2406.924316,2542.144775,2381.515137,2535.039063,2535.039063,16481489511,3648.3899609200002,3127.1837873788904,0,0.05258382259387043,0.0
2535.891113,2537.208496,2172.30127,2440.352295,2440.352295,28220804648,3613.2305517400005,3061.7692907737396,0,-0.038066634312296246,-0.0
2440.393555,2498.50708,2359.384766,2455.935059,2455.935059,16179776932,3575.1745068200003,3004.0692175169743,0,0.006365156080480583,0.0
2455.579102,2705.78418,2417.683105,2468.030273,2468.030273,21229909340,3538.2338818199996,2953.0166286444296,0,0.004912804015305734,0.0
2467.188477,2510.45166,2328.452148,2423.001221,2423.001221,16126522783,3497.90674804,2902.537842849979,0,-0.018413426420346306,-0.0
2421.646973,2548.778564,2367.83374,2547.092041,2547.092041,14666227351,3466.4522705,2868.6851773404132,0,0.0499453866133221,0.0
2546.590576,2627.609375,2526.989746,2597.084717,2597.084717,11172062661,3440.22404296,2842.817993693046,0,0.0194372208814824,0.0
2598.564941,2631.408447,2550.460938,2603.466553,2603.466553,9501221177,3410.6043261600003,2820.022241140363,0,0.0024542933516526763,0.0
2603.263428,2697.735352,2489.072266,2688.278809,2688.278809,13778234614,3381.6808398400003,2807.475059734599,0,0.03205729426681507,0.0
2687.898926,2802.31543,2682.621826,2792.117188,2792.117188,13194846235,3361.8386474599997,2806.012385468875,0,0.03789901593036997,0.0
2791.958984,2802.212158,2630.120361,2682.854004,2682.854004,13876301217,3340.5869189400005,2794.282872039037,0,-0.03991900204259534,-0.0
2682.226074,2712.482666,2587.783447,2679.162598,2679.162598,12755505065,3313.8023974600005,2783.318914831764,0,-0.001376872493008306,-0.0
2681.057617,2983.586914,2675.443848,2983.586914,2983.586914,18987223729,3294.2247411999997,2802.3922489787988,0,0.10762195684952051,0.0
2984.446045,3054.130127,2966.781006,3014.648193,3014.648193,13102093957,3276.9279736199996,2822.6072842979293,0,0.01035689868613831,0.0
3014.959717,3061.26123,2965.429932,3057.476074,3057.476074,9466018022,3258.86029296,2844.9759241787488,0,0.014106625402347568,0.0
3057.422119,3182.52832,3002.927002,3142.470703,3142.470703,15197063785,3243.25785644,2873.3089708002553,0,0.027419575405601446,0.0
3143.008545,3219.472656,3038.37793,3122.608643,3122.608643,17136080906,3227.0331396600004,2897.051956355237,0,-0.006340582599478995,-0.0
3121.182617,3263.155762,3063.160156,3239.457031,3239.457031,13951308490,3211.4170800800002,2929.662161831653,0,0.03673697672875411,0.0
3240.113037,3271.316162,3070.378174,3077.482178,3077.482178,18629485080,3193.32473146,2943.7403360909784,0,-0.051293944740414724,-0.0
3077.413086,3127.450684,2888.707764,2927.383545,2927.383545,16043881065,3169.7120898599997,2942.182538706221,0,-0.05000275197251576,-0.0
2927.386475,2980.079346,2870.177002,2917.362793,2917.362793,11254355757,3147.0996875200003,2939.8187427513562,0,-0.003428980913487948,-0.0
2916.789551,2947.776611,2845.397705,2883.463379,2883.463379,9054963563,3122.9033349799997,2934.451543373525,0,-0.011687921307582486,-0.0
2880.187744,2957.963623,2840.257568,2933.479004,2933.479004,12164552172,3100.2263525599997,2934.3589202344547,0,0.017196958235615234,0.0
2933.729004,3185.520752,2917.857178,3179.877197,3179.877197,13921257873,3083.07294436,2957.7416912820113,0,0.08065348671326408,0.0
3180.446777,3181.616943,3055.168213,3127.830078,3127.830078,12352406833,3069.6116845999995,2973.9406341590607,0,-0.016503080433323537,-0.0
3126.858398,3154.615234,2861.852051,2881.481934,2881.481934,15860206214,3054.67068852,2965.1350196157396,0,-0.08203477609379117,-0.0
2884.340576,2937.308594,2761.643311,2785.727539,2785.727539,15748173433,3036.1081982799997,2948.048550664637,0,-0.03379564813089218,-0.0
2784.872803,2826.3479,2707.378418,2763.701172,2763.701172,9774183169,3017.72956546,2930.491618202264,0,-0.007938288359227993,-0.0
2763.756592,2763.756592,2585.946289,2628.648438,2628.648438,11641437834,2994.9085938,2901.744590504191,0,-0.050100973537892626,-0.0
2627.665527,2752.458496,2568.254395,2573.816162,2573.816162,18646392740,2969.79361822,2870.513254435507,0,-0.021080126706790346,-0.0
2572.898682,2648.916748,2510.678711,2639.299316,2639.299316,16360200507,2947.3519971200003,2848.4928428804083,0,0.025123785835632753,0.0
2639.447021,2741.368408,2587.412842,2590.359619,2590.359619,13382637240,2923.27805668,2823.90868948608,0,-0.01871675621697568,-0.0
2588.16626,2689.047607,2308.914795,2598.067139,2598.067139,29312342666,2904.2316602,2802.399941234923,0,0.002971045378142691,0.0
2598.436279,2821.972412,2579.208008,2764.535645,2764.535645,17208902048,2891.15420904,2798.7938133610814,0,0.0621049200595423,0.0
2764.989502,2849.424072,2745.009033,2781.111816,2781.111816,11724648351,2882.9122363799997,2797.1098117436945,0,0.005978101018039155,0.0
2780.504395,2831.125488,2581.615723,2621.801758,2621.801758,16150857254,2873.50881842,2780.4137898624203,0,-0.05898900625024158,-0.0
2621.172119,2929.18042,2586.388184,2919.201172,2919.201172,19266124733,2868.73781256,2793.6316477871505,0,0.10744823230683485,0.0
2919.775879,3029.651611,2868.938965,2972.485107,2972.485107,18757425786,2866.5255567,2810.665324568786,0,0.01808833168964745,0.0
2972.471924,3026.868164,2919.943115,2950.118408,2950.118408,16636517503,2860.76569342,2823.946580485746,0,-0.007553031458232177,-0.0
2950.156738,2964.67334,2797.319336,2834.468994,2834.468994,13091199728,2850.00990728,2824.948715780365,0,-0.039990691918810634,-0.0
2834.987305,2835.17627,2587.748291,2617.156006,2617.156006,14496939024,2837.38725592,2805.1589218504046,0,-0.07976638162779458,-0.0
2618.473633,2679.102539,2596.98999,2664.831055,2664.831055,8072368396,2824.4838477199996,2791.794355742456,0,0.018052427307388305,0.0
2664.943604,2673.637207,2555.037354,2555.037354,2555.037354,8872976607,2808.97397956,2769.246058626832,0,-0.042073818102417705,-0.0
2555.297607,2639.943115,2455.59375,2497.77124,2497.77124,14594098731,2791.91096686,2743.3913023397154,0,-0.022668013261535256,-0.0
2497.721436,2618.166016,2489.755127,2576.747559,2576.747559,13922922903,2779.1998194,2727.5204631671386,0,0.031129137368836064,0.0
2577.165283,2761.796387,2573.655273,2729.783447,2729.783447,14173665398,2770.5149854199994,2727.7359855164723,0,0.05769431499041487,0.0
2729.116455,2729.116455,2566.193115,2608.048584,2608.048584,13292477213,2760.7594385400002,2716.3371815660275,0,-0.04562000988212636,-0.0
2608.27124,2664.558594,2534.688232,2559.562988,2559.562988,12382419582,2751.9282959599996,2701.4063014777416,0,-0.018765736618513724,-0.0
2559.660645,2606.438721,2559.126953,2574.75415,2574.75415,6532996574,2752.26474614,2689.344188516311,0,0.005917517722712677,0.0
2573.488037,2594.549805,2503.885254,2518.94458,2518.94458,8632000379,2754.5400146999996,2673.1156503586717,0,-0.02191405749496057,-0.0
2518.486328,2604.034424,2505.299316,2590.696045,2590.696045,11244398839,2755.6531543400006,2665.266162377771,0,0.028086586515206572,0.0
2590.668945,2662.32959,2515.765869,2620.149658,2620.149658,12861105614,2759.2491016,2660.9693515672107,0,0.011304854665994934,0.0
2620.028564,2781.307129,2610.764404,2772.055664,2772.055664,17915109769,2765.5715137,2671.5490023080433,0,0.0563577244184333,0.0
2771.964111,2826.160645,2751.560791,2814.854492,2814.854492,12685265194,2772.5079980799997,2685.1971464451176,0,0.01532140809064084,0.0
2814.43457,2973.616211,2774.855713,2945.343018,2945.343018,15830879093,2782.95483402,2709.9729474506735,0,0.04531471499902304,0.0
2944.72168,2979.987061,2910.802246,2946.25708,2946.25708,11576463120,2790.9381348,2732.4762012222272,0,0.0003102932962622511,0.0
2946.547607,2956.965576,2826.107422,2860.459229,2860.459229,12684727326,2796.20562504,2744.665062506539,0,-0.02955339679778152,-0.0
2860.103271,2954.556641,2838.250488,2897.976563,2897.976563,15206116098,2802.0958252399996,2759.266159412972,0,0.013030575041935472,0.0
2897.77417,3040.382813,2892.544434,2973.131104,2973.131104,16830539230,2807.7928711399995,2779.6342514199614,0,0.025602884696750764,0.0
2973.14502,3036.752197,2933.306641,3031.067139,3031.067139,16008767658,2812.5718701600003,2803.5802428899574,0,0.019299107344711214,0.0
3031.060791,3118.387695,3012.32666,3108.062012,3108.062012,18070503166,2821.0760303199995,2832.5785089995893,1,0.02508463608164417,0.0
3108.448975,3183.958008,3087.490723,3106.671387,3106.671387,17030503831,2829.6262060999998,2858.682594561058,1,-0.0004475252384706644,-0.0004475252384706644
3106.405273,3146.825439,3091.825439,3143.178955,3143.178955,8876420740,2832.81804692,2885.7774878555306,1,0.01168283438490627,0.01168283438490627
3143.795654,3291.577637,3129.997803,3291.577637,3291.577637,13431866834,2838.3566358,2924.4251234614458,1,0.04613228093221482,0.04613228093221482
3292.32251,3424.019287,3279.0271,3336.634521,3336.634521,20620450770,2843.93980474,2963.683163485765,1,0.01359569578071974,0.01359569578071974
3335.02124,3470.186279,3335.02124,3401.987793,3401.987793,19533323636,2849.13014654,3005.4264636161142,1,0.019397235237133326,0.019397235237133326
3401.526123,3435.286133,3349.237061,3385.157959,3385.157959,15302506131,2854.38113286,3041.5913695698814,1,-0.004959336106549329,-0.004959336106549329
3385.289307,3435.128418,3272.93457,3281.642822,3281.642822,17685495686,2855.22484868,3064.4534135916047,1,-0.031056412304042273,-0.031056412304042273
3282.576172,3467.555908,3223.891357,3449.552246,3449.552246,20982988937,2862.66625004,3101.129494223002,1,0.04990028147929126,0.04990028147929126
3449.788574,3521.284668,3442.000244,3445.059326,3445.059326,23571556215,2873.01976566,3133.8847173914146,1,-0.0013033136353117658,-0.0013033136353117658
3444.810547,3573.960205,3421.259766,3522.833496,3522.833496,15333808649,2885.1291797199997,3170.9274593310734,1,0.022324511032398717,0.022324511032398717
3522.36499,3535.148193,3422.000977,3521.241211,3521.241211,18209969743,2897.8847363600003,3204.290674688242,1,-0.0004520920329076172,-0.0004520920329076172
3521.239746,3546.706787,3410.547607,3411.79248,3411.79248,16681503199,2907.45100588,3224.0527518736303,1,-0.031575737069966664,-0.031575737069966664
3411.672119,3411.672119,3171.205078,3171.691895,3171.691895,25632563639,2907.2872998400003,3219.066003488302,1,-0.07297264081564378,-0.07297264081564378
3172.197266,3263.474609,3155.581055,3233.274658,3233.274658,16745496605,2909.39619144,3220.4192087073043,1,0.019230283335179604,0.019230283335179604
3233.272461,3301.607422,3179.142334,3192.073975,3192.073975,17557050669,2915.60803226,3217.7196625904658,1,-0.012824595221922667,-0.012824595221922667
3191.976074,3261.963135,3187.469238,3261.91626,3261.91626,9908112156,2925.13180668,3221.9288624135525,1,0.021643978057711084,0.021643978057711084
3261.291504,3303.003174,3211.866943,3211.866943,3211.866943,10427054790,2934.0951221,3220.9705843597894,1,-0.015462462244436861,-0.015462462244436861
3209.576904,3214.461914,2962.756592,2981.052246,2981.052246,21891804831,2941.14319826,3198.121218491556,1,-0.0745760293818155,-0.0745760293818155
2981.420654,3077.452637,2957.872314,3030.376465,3030.376465,20235707410,2950.2744043200005,3182.1455274866344,1,0.01641051680219051,0.01641051680219051
3029.87793,3123.575439,3006.481689,3118.344238,3118.344238,16088473629,2959.8553027599996,3176.0692141346753,1,0.028615310327344046,0.028615310327344046
3117.821777,3139.928711,2988.435303,3019.909424,3019.909424,15821419931,2968.4462988600003,3161.1968530199506,1,-0.03207532912130229,-0.03207532912130229
3020.134521,3044.287354,3001.123291,3040.916504,3040.916504,11256651536,2977.30328616,3149.7415815805207,1,0.006932112676610939,0.006932112676610939
3041.123291,3074.886963,3016.421143,3062.310303,3062.310303,8766710365,2983.2587793200005,3141.4147930757545,1,0.007010680514178734,0.007010680514178734
3061.881836,3075.775879,2989.043945,2993.40332,2993.40332,10463091281,2987.5046094000004,3127.318462201675,1,-0.02275865785582119,-0.02275865785582119
2993.483887,3062.520996,2893.912842,3057.606689,3057.606689,18629381299,2996.22070802,3120.679245661551,1,0.021221507946009573,0.021221507946009573
3057.570313,3125.084229,3035.535156,3104.106445,3104.106445,14156035096,2999.9188134799997,3119.100883684164,1,0.015093412415918533,0.015093412415918533
3103.935059,3157.885742,3045.28833,3077.74585,3077.74585,15547362265,3002.02402834,3115.1623090258568,1,-0.008528432423866809,-0.008528432423866809
3077.829346,3173.451416,2962.4104,2987.480713,2987.480713,20783591093,3002.7712744399996,3103.002156962722,1,-0.02976700081984933,-0.02976700081984933
2986.938721,3024.854492,2942.358643,2964.835693,2964.835693,16782795477,3005.37860842,3089.8434460497274,1,-0.007608845937349502,-0.007608845937349502
2964.802246,2975.322754,2926.740234,2938.114014,2938.114014,9116955609,3011.79776858,3075.393023890733,1,-0.009053731729927366,-0.009053731729927366
2937.347168,2961.88208,2922.128662,2922.732666,2922.732666,9696829579,3016.9558008000004,3060.8539421331266,1,-0.005248860498662026,-0.005248860498662026
2922.990234,3018.415527,2804.50708,3009.393555,3009.393555,22332690614,3026.0429248200003,3055.9529528659664,1,0.029219558546163326,0.029219558546163326
3008.946289,3026.415039,2786.253174,2808.29834,2808.29834,19052045399,3032.2534668200005,3032.366799188336,1,-0.06915985475887457,-0.06915985475887457
2808.645996,2911.877441,2802.273438,2888.929688,2888.929688,17419284041,3038.4971094,3018.706121894916,0,0.028307356396210234,0.028307356396210234
2888.849854,2973.13501,2861.821533,2936.940918,2936.940918,18443524633,3042.64025882,3010.918959599927,0,0.016482452214024033,0.0
2936.776611,2943.445801,2782.435303,2815.601807,2815.601807,18771041399,3046.7913232799997,2992.317325977306,0,-0.0421925110356555,-0.0
2815.533447,2836.827637,2727.40625,2730.186768,2730.186768,13520941867,3050.2037988800002,2967.3525108812437,0,-0.03080600448953039,-0.0
2729.994141,2838.704346,2728.078857,2827.756104,2827.756104,15332730152,3055.26383796,2954.0576149634094,0,0.035113480990083566,0.0
2827.614014,2874.145996,2785.522949,2857.4104,2857.4104,18609741545,3062.03315436,2944.8531182849542,0,0.010432259081036968,0.0
2857.152344,2859.193359,2762.118652,2783.476318,2783.476318,13026093219,3065.88875982,2929.483899187123,0,-0.02621513950302776,-0.0
2783.131104,2956.686768,2779.273682,2940.644775,2940.644775,18186749944,3072.29866216,2930.546839742174,0,0.05492824791819016,0.0
2940.226563,2948.960693,2704.91626,2749.213135,2749.213135,22642925048,3071.84181158,2913.2769630788384,0,-0.06731413052246109,-0.0
2748.931641,2754.837646,2645.335205,2694.979736,2694.979736,21027599270,3069.44431646,2892.4867509529754,0,-0.019924052784198117,-0.0
2694.991943,2696.652832,2599.523438,2636.093018,2636.093018,13369276367,3063.2593164600003,2868.068300170984,0,-0.022092781648655812,-0.0
2636.121826,2638.830566,2498.430176,2517.459961,2517.459961,20802269935,3054.68337408,2834.677029743355,0,-0.04604746236057713,-0.0
2518.508301,2528.258057,2238.062744,2245.43042,2245.43042,36333567678,3042.3827979,2778.5583049596785,0,-0.114353214565709,-0.0
2242.650391,2450.760254,2206.756836,2343.510986,2343.510986,38202099639,3031.2934863600003,2737.1252269326474,0,0.04275299958138637,0.0
2342.75415,2441.079346,2018.855591,2072.108643,2072.108643,45743399154,3013.2730371400003,2673.790314134462,0,-0.12308346932673644,-0.0
2072.504639,2170.458008,1748.303101,1961.701538,1961.701538,42463486402,2991.8857251199997,2605.972335413626,0,-0.054754528636176615,-0.0
1960.122559,2139.713379,1941.975952,2014.418213,2014.418213,24816096567,2970.01284914,2549.6338475336197,0,0.026518197402217655,0.0
2014.28064,2063.429932,1956.572998,2056.273926,2056.273926,15457044616,2949.00489992,2502.6471883164822,0,0.020565145539552382,0.0
2056.183105,2147.194336,2008.16272,2145.706787,2145.706787,14846088335,2929.0554565599996,2468.6528643662227,0,0.04257343132569159,0.0
2145.836914,2145.836914,1988.811768,2022.725952,2022.725952,21459552191,2903.6784228600004,2426.1836345997012,0,-0.059022919664377296,-0.0
2022.882324,2113.059814,2015.971558,2090.40918,2090.40918,18509929297,2878.75391604,2394.20511510219,0,0.0329137438487961,0.0
2090.459961,2102.32666,1916.656128,1916.656128,1916.656128,17740965589,2849.04728274,2348.7242591724794,0,-0.08677775902739115,-0.0
1916.149536,2028.388184,1907.020508,2018.336182,2018.336182,18734247914,2821.7108472,2317.258728003671,0,0.05169143204024047,0.0
2018.000122,2054.795898,1926.676758,1961.315674,1961.315674,15892482289,2795.3043042400004,2283.359389517847,0,-0.028657989439896323,-0.0
1961.017944,1985.395996,1944.265137,1974.518311,1974.518311,8546822406,2765.8036255399998,2253.94595346124,0,0.006708965150159237,0.0
1974.670654,2047.191406,1966.038818,2043.170166,2043.170166,10941123403,2737.7658423400003,2233.872068936622,0,0.03417812914245477,0.0
2042.344727,2080.333496,1964.386597,1972.181885,1972.181885,16434529708,2706.75281012,2208.949194270936,0,-0.0353621188842181,-0.0
1972.390869,1991.535522,1920.68811,1978.982788,1978.982788,13057109007,2675.90764166,2187.0476317649227,0,0.0034424835607368524,0.0
1978.677002,2014.369507,1943.938599,1944.827881,1944.827881,13364545730,2646.56834968,2163.9790840691953,0,-0.017409489165185216,-0.0
1945.033325,1962.171143,1759.199585,1803.91333,1803.91333,23458681818,2619.21277838,2129.687107486025,0,-0.07521510284647376,-0.0
1802.543823,1814.656494,1721.264771,1724.922852,1724.922852,25470760032,2589.0457422599998,2091.1381307678307,0,-0.04477605124413057,-0.0
1724.635986,1757.941772,1724.635986,1757.941772,1757.941772,23214777872,2560.3630982,2059.405144214611,0,0.018961350980273187,0.0
1792.184448,1818.776611,1765.937378,1812.031006,1812.031006,10642556101,2531.36539312,2035.8457024772651,0,0.03030464196820577,0.0
1811.885986,2005.210815,1804.456055,1996.441284,1996.441284,19580808705,2507.0568799400003,2032.0929007171478,0,0.09691791866868903,0.0
1996.408081,2005.490967,1932.352051,1942.328003,1942.328003,18363115560,2486.28239508,2023.5438628385455,0,-0.027478982426848396,-0.0
1942.050659,1965.166626,1776.053223,1823.569336,1823.569336,21037797760,2462.1462525,2004.4986698047337,0,-0.06309150107051188,-0.0
1822.412109,1845.313965,1789.664185,1834.150513,1834.150513,17065041354,2436.462378,1988.2750358221208,0,0.005785684499154586,0.0
1834.13501,1840.058838,1746.509766,1775.078613,1775.078613,14878001811,2411.56576178,1967.9706145995967,0,-0.032736727663165786,-0.0
1775.220825,1810.299683,1751.533325,1801.609497,1801.609497,8677951273,2386.77962164,1952.1266986367636,0,0.01483571941400568,0.0
1801.81897,1825.859619,1777.133301,1805.204956,1805.204956,8850385937,2361.6375147000003,1938.134151718204,0,0.0019937039943721323,0.0
1805.635986,1915.030518,1804.990234,1859.289673,1859.289673,16518471852,2338.9552417600003,1930.6251537446667,0,0.02952038417849973,0.0
1859.33374,1862.914917,1729.413574,1814.04834,1814.04834,24020076750,2314.0840747800003,1919.5226000541966,0,-0.024633518918656862,-0.0
1814.100708,1830.676025,1770.231201,1793.572266,1793.572266,18041476023,2287.8733912,1907.5273301437824,0,-0.011351689169213726,-0.0
1793.512817,1827.293091,1779.867554,1789.82605,1789.82605,12013083393,2262.1149952,1896.3176844153882,0,-0.0020908741001901088,-0.0
1789.689941,1797.607788,1663.43396,1665.042236,1665.042236,18504740451,2235.66622566,1874.2914512322327,0,-0.07226794628191308,-0.0
1665.217896,1679.314209,1507.03894,1529.663452,1529.663452,21127089064,2206.96278084,1841.469737018645,0,-0.08480274488243757,-0.0
1530.189697,1539.705078,1436.18396,1445.216553,1445.216553,23465074882,2177.1048316200004,1803.7313385396444,0,-0.056788571191422624,-0.0
1443.835449,1448.738037,1181.948242,1204.582764,1204.582764,45162788786,2142.7418335800003,1746.6695695344538,0,-0.1821259209628057,-0.0
1204.555298,1252.471802,1094.701904,1211.662842,1211.662842,33327826525,2106.78721932,1695.7165478633628,0,0.005860412737718867,0.0
1211.365967,1236.627563,1025.684204,1233.206421,1233.206421,37539999450,2075.28538094,1651.6679643516723,0,0.01762395801672349,0.0
1233.603516,1246.140625,1058.784546,1067.730713,1067.730713,18907671369,2038.86140144,1596.054892793349,0,-0.1440820564361627,-0.0
1067.987671,1112.471558,1060.867676,1086.519287,1086.519287,14591486540,2001.85296882,1547.5276922407952,0,0.01744370469316792,0.0
1086.37793,1095.16687,896.109009,993.63678,993.63678,21655406608,1965.41366828,1494.776176788498,0,-0.08936282363223855,-0.0
993.400635,1142.34082,943.116333,1127.656494,1127.656494,21795481981,1933.3630627999999,1459.8123974748323,0,0.12652513168230195,0.0
1127.65625,1159.985352,1066.113159,1127.642456,1127.642456,19739691429,1899.3607898399998,1428.1771649530303,0,-1.244890394707093e-05,-0.0
1127.511841,1185.432495,1112.572632,1124.824585,1124.824585,15632089439,1864.7090735400002,1399.2864430524203,0,-0.0025020321440769487,-0.0
1125.372925,1126.261719,1049.763306,1051.421875,1051.421875,15010593493,1830.0679846800003,1366.1564841899512,0,-0.0674836842751385,-0.0
1051.329346,1146.494263,1050.219604,1143.386719,1143.386719,14657862919,1794.1228235600001,1344.940316076429,0,0.08385124964324955,0.0
1143.204712,1238.616943,1134.514038,1226.844727,1226.844727,16981552654,1763.6754554,1333.6931171166766,0,0.07045094643620886,0.0
1226.724731,1246.394287,1184.562012,1243.446899,1243.446899,12481946184,1734.64479866,1325.0982392007386,0,0.013441669635905387,0.0
1242.987549,1272.131226,1199.406372,1199.831665,1199.831665,12096607824,1705.9195716000002,1313.1680892767781,0,-0.03570601270743891,-0.0
1199.713135,1234.180786,1179.79248,1193.680664,1193.680664,12492225250,1679.4439856600002,1301.788334488444,0,-0.005139739174385888,-0.0
1193.254028,1229.739014,1141.159668,1144.579224,1144.579224,14023205651,1657.42696174,1286.8160382513665,0,-0.04200444910396986,-0.0
1144.524414,1152.684814,1092.099121,1098.943848,1098.943848,15386286815,1632.5356189799998,1268.9234487035278,0,-0.040687499114299065,-0.0
1099.353149,1103.69043,1009.094849,1067.298828,1067.298828,16350755497,1612.4394226799998,1249.7211038745336,0,-0.029218583555415498,-0.0
1068.316772,1100.223877,1040.150757,1059.767334,1059.767334,17499453625,1594.4007386,1231.6302686483136,0,-0.007081609034436722,-0.0
1060.121216,1073.052612,1033.962158,1066.512817,1066.512817,9935603640,1575.44263068,1215.9047970627018,0,0.006344888867600126,0.0
1066.467407,1083.418945,1044.005615,1073.766968,1073.766968,8557248150,1555.7924915199997,1202.367860961447,0,0.006778720080247914,0.0
1073.794312,1152.943848,1048.396362,1151.059082,1151.059082,13670889311,1535.8995374200001,1197.4813105841515,0,0.0695094626862751,0.0
1150.509766,1165.682739,1086.829956,1134.541016,1134.541016,16195518291,1518.1358387,1191.4869968142157,0,-0.014454281483090184,-0.0
1134.822266,1193.636719,1116.247559,1186.973999,1186.973999,15373536703,1500.0671350799998,1191.0571874985749,0,0.045179032629824235,0.0
1186.960938,1246.894897,1165.623169,1237.593384,1237.593384,14230795894,1486.4858801999999,1195.4892062130061,0,0.04176146384619487,0.0
1237.580322,1262.885742,1200.632202,1222.506226,1222.506226,16315929082,1470.5692810799999,1198.0622557165345,0,-0.012265639235333069,-0.0
1222.306885,1228.767944,1209.377563,1216.978271,1216.978271,8821353104,1455.68253302,1199.8637809816298,0,-0.0045320759108562324,-0.0
1216.904419,1216.904419,1157.175537,1168.401611,1168.401611,10984558039,1439.56019902,1196.8673838405173,0,-0.04073428894647559,-0.0
1168.139038,1169.193848,1095.002808,1097.236572,1097.236572,12064180410,1420.6415271399999,1187.378735093787,0,-0.06284185869519822,-0.0
1097.259155,1097.259155,1038.13562,1038.19165,1038.19165,12583282453,1401.96172244,1173.170441275312,0,-0.055314410031605234,-0.0
1038.186646,1113.587158,1019.220337,1113.587158,1113.587158,18302588147,1384.65380984,1167.4958428681325,0,0.07010607695081174,0.0
1113.515747,1202.953369,1077.405762,1191.526245,1191.526245,16688640823,1369.5877771199998,1169.7844525949797,0,0.06764856560784147,0.0
1191.674805,1275.778198,1182.903198,1233.12915,1233.12915,17411448225,1358.17209352,1175.8172809192736,0,0.03431991905145477,0.0
1232.791626,1377.94458,1195.605957,1352.626465,1352.626465,18364013796,1350.72616578,1192.656250831739,0,0.0924932687658572,0.0
1353.205078,1378.41748,1329.763306,1338.635742,1338.635742,16079711737,1342.34004518,1206.5590595144422,0,-0.010397239629420659,-0.0
1338.80603,1578.717896,1338.80603,1578.717896,1578.717896,27440420623,1337.67378298,1242.002758227379,0,0.16496206704171926,0.0
1578.383911,1607.033081,1501.797485,1542.97522,1542.97522,27753529276,1328.6044617,1270.6668022057431,0,-0.02290054577262787,-0.0
1542.954346,1612.645752,1500.803223,1520.200684,1520.200684,22942708340,1320.16191532,1294.4319338052107,0,-0.014870158537458844,-0.0
1520.374512,1595.761963,1472.185425,1576.749512,1576.749512,20009556587,1315.22551884,1321.3193222047294,1,0.036523101973692844,0.0
1576.745361,1641.209229,1523.641724,1537.405151,1537.405151,18926100582,1309.2906116,1341.8989249471465,1,-0.02526942867509142,-0.02526942867509142
1536.457397,1591.632568,1495.678101,1549.297485,1549.297485,14998811383,1304.77498904,1361.651168761713,1,0.007705564315936479,0.007705564315936479
1549.222534,1654.428711,1548.671143,1599.476685,1599.476685,17217849557,1300.7323328,1384.3012179272735,1,0.03187491116602723,0.03187491116602723
1599.157227,1605.336914,1445.383423,1445.383423,1445.383423,20585056021,1293.53590214,1390.1185707913446,1,-0.10130187286765231,-0.10130187286765231
1445.151123,1445.151123,1362.95166,1441.806763,1441.806763,18238563509,1285.18624394,1395.041255763599,1,-0.0024776073616244784,-0.0024776073616244784
1443.726807,1636.799438,1423.618896,1636.232666,1636.232666,23007524016,1281.62993046,1418.0118662623108,1,0.12649942080839532,0.12649942080839532
1636.231934,1774.576416,1604.890991,1725.46814,1725.46814,27231399966,1280.26784794,1447.2934161420987,1,0.05310195472200131,0.05310195472200131
1725.623901,1759.884033,1662.791138,1727.406982,1727.406982,23249531113,1279.01946658,1473.9708986047626,1,0.0011230305963969758,0.0011230305963969758
1727.06189,1738.016846,1678.108032,1695.969482,1695.969482,15576977870,1279.6380115,1495.1136208328853,1,-0.0183668866645389,-0.0183668866645389
1695.884766,1745.883179,1672.612793,1681.517334,1681.517334,14200735370,1282.67508914,1512.8663554202333,1,-0.008557982306000135,-0.008557982306000135
1681.445557,1700.170898,1613.416016,1635.195801,1635.195801,16191371176,1286.4746741,1524.5167788087847,1,-0.027934007655695238,-0.027934007655695238
1634.645874,1672.629761,1567.851074,1632.945435,1632.945435,20426082309,1295.04192752,1534.843317493664,1,-0.0013771536743103704,-0.0013771536743103704
1633.05127,1678.098267,1595.634521,1618.874512,1618.874512,16786218830,1303.18616092,1542.8462883990305,1,-0.00865423735037125,-0.00865423735037125
1618.886719,1658.511597,1585.326538,1608.205811,1608.205811,14467440626,1310.6861487200001,1549.0710048372189,1,-0.006612007635733665,-0.006612007635733665
1607.523926,1732.254639,1606.49707,1732.254639,1732.254639,18546491876,1323.97662724,1566.5170652336765,1,0.07430466505975285,0.07430466505975285
1732.661133,1744.326416,1691.658081,1691.658081,1691.658081,11757911705,1336.0794031199998,1578.4352572114228,1,-0.023714658565757808,-0.023714658565757808
1691.777954,1724.789185,1672.908447,1699.35083,1699.35083,10252090340,1350.1936841200002,1589.9510260484312,1,0.00453715245146857,0.00453715245146857
1699.693481,1806.886475,1697.407959,1775.516113,1775.516113,16841424404,1363.1508765,1607.6238914723917,1,0.04384483512251883,0.04384483512251883
1776.071289,1786.122559,1675.849854,1703.025024,1703.025024,16368619692,1374.65852786,1616.709713617879,1,-0.04168505290802958,-0.04168505290802958
1702.906494,1869.400635,1665.090454,1851.742676,1851.742676,23512477984,1389.19688968,1639.0938052733209,1,0.08372108708402119,0.08372108708402119
1851.828369,1927.939209,1851.828369,1881.224121,1881.224121,23826986482,1405.7929345999999,1662.1538353425299,1,0.01579551041545549,0.01579551041545549
1880.89917,1957.552979,1860.083496,1957.24646,1957.24646,17168141904,1422.07012942,1690.257894833719,1,0.03961592500278045,0.03961592500278045
1957.333984,2013.755737,1948.595215,1981.336548,1981.336548,16038975216,1437.15996584,1717.9796713257474,1,0.01223302307833782,0.01223302307833782
1981.782471,2022.791504,1919.010132,1936.802002,1936.802002,14062754456,1451.0270679,1738.8198932947248,1,-0.02273348091752625,-0.02273348091752625
1936.760498,2007.210327,1881.856812,1904.228149,1904.228149,20349931313,1465.11499758,1754.5730605047518,1,-0.016961404958897235,-0.016961404958897235
1902.83313,1910.745361,1862.273438,1878.139404,1878.139404,15637578930,1478.80417238,1766.3412836947762,1,-0.013795147282947917,-0.013795147282947917
1877.934326,1951.675659,1823.532227,1832.999634,1832.999634,20308508124,1492.57258058,1772.6896980095596,1,-0.02432783887822731,-0.02432783887822731
1833.715576,1876.376953,1826.957764,1847.007813,1847.007813,14999352229,1507.53385988,1779.7676137229353,1,0.00761316212614529,0.00761316212614529
1847.095337,1847.095337,1611.338867,1612.987305,1612.987305,25906358731,1518.44762942,1763.8837747969408,1,-0.13547900262669998,-0.13547900262669998
1612.650635,1652.21875,1534.298828,1577.003784,1577.003784,18334580263,1528.79235842,1746.0856804353268,1,-0.02256122121359531,-0.02256122121359531
1576.543579,1640.936523,1569.046509,1619.31897,1619.31897,15849221752,1539.8484814800001,1734.0126603938668,1,0.02647896449649209,0.02647896449649209
1619.16687,1622.778809,1535.014771,1622.505859,1622.505859,18557078599,1550.8232593000002,1723.3929650230223,1,0.001966108716356491,0.001966108716356491
1622.939331,1666.676514,1569.428589,1662.769897,1662.769897,18322041914,1561.0574755999999,1717.61933949702,1,0.024513043748072734,0.024513043748072734
1662.695435,1686.557739,1610.099243,1657.059204,1657.059204,16780932907,1571.50783936,1711.8517075449226,1,-0.0034403569936490605,-0.0034403569936490605
1657.336548,1718.183228,1656.856079,1696.457031,1696.457031,14818795695,1581.6975,1710.3855478739777,1,0.02349750945509168,0.02349750945509168
1696.324585,1698.561035,1498.77124,1507.782837,1507.782837,26713710143,1587.10128906,1691.090051600265,1,-0.11790172497180562,-0.11790172497180562
1508.156982,1517.150024,1454.282959,1491.39502,1491.39502,18120831899,1592.47906494,1672.0714771621444,1,-0.010928314943734217,-0.010928314943734217
1491.206787,1505.791992,1430.547363,1430.547363,1430.547363,12823572918,1596.75044678,1649.069180575273,1,-0.04165479461532382,-0.04165479461532382
1430.439453,1556.30957,1427.728394,1553.037354,1553.037354,17965837488,1604.4431616400002,1639.9232923300087,1,0.08215545431608581,0.08215545431608581
1553.188965,1600.461182,1480.831787,1523.838867,1523.838867,21835784470,1612.97520754,1628.8676327747698,1,-0.018979875318666285,-0.018979875318666285
1524.286499,1612.358887,1524.286499,1553.684937,1553.684937,20591680941,1623.28507328,1621.7073760343153,0,0.01939676678737265,0.01939676678737265
1553.756348,1593.082764,1520.188354,1586.176758,1586.176758,16434276817,1632.7368652800003,1618.3235076500948,0,0.020697077783784174,0.0
1586.017944,1643.183228,1551.87793,1577.220459,1577.220459,17708478709,1640.4507495600003,1614.4089315881808,0,-0.005662471271565007,-0.0
1577.213745,1579.454346,1541.672119,1556.872681,1556.872681,9516825994,1646.92562018,1608.9292886750206,0,-0.012984977148323735,-0.0
1556.895874,1578.009277,1543.698853,1577.641602,1577.641602,8884144998,1651.4259229200002,1605.9495089916854,0,0.013251957443727279,0.0
1577.884033,1621.661377,1559.78186,1617.183228,1617.183228,13060541168,1656.99687264,1607.0193869924772,0,0.0247548127644289,0.0
1617.240234,1680.595337,1561.748535,1561.748535,1561.748535,22946059125,1656.65748542,1602.7078772789077,0,-0.034879838378236404,-0.0
1560.906738,1651.051147,1500.013672,1629.906372,1629.906372,19560363854,1658.39610846,1605.298210109488,0,0.042716523337267026,0.0
1629.805176,1655.064087,1603.063843,1635.347656,1635.347656,17621046717,1660.6990479,1608.1600620990605,0,0.0033328427069269357,0.0
1635.187744,1735.809814,1632.836548,1719.085449,1719.085449,20242323690,1663.5457666400002,1618.7243846610547,0,0.04993701833173421,0.0
1718.961304,1784.497803,1710.296997,1776.203735,1776.203735,13130928217,1668.32173832,1633.7224180266687,0,0.03268591992702766,0.0
1775.976074,1782.729858,1730.164795,1761.800049,1761.800049,12464301922,1672.5717896,1645.9202876431766,0,-0.008142312137771755,-0.0
1762.084839,1778.163452,1698.293457,1713.765259,1713.765259,17688391310,1674.85756108,1652.3817134866836,0,-0.02764318578548301,-0.0
1713.962524,1745.779053,1564.03186,1580.787964,1580.787964,23066821734,1677.5656519,1645.5632611546184,0,-0.08076942160445538,-0.0
1574.858154,1642.157227,1564.03186,1634.755005,1634.755005,17897150206,1681.42461674,1644.533903425607,0,0.03356951496869615,0.0
1635.083008,1648.945679,1466.139404,1471.693481,1471.693481,26946275878,1678.13383304,1628.0729108136443,0,-0.10507918347790472,-0.0
1471.928345,1480.564209,1415.581299,1432.447754,1432.447754,16764804299,1672.2734253200001,1609.441943498059,0,-0.02702906856750258,-0.0
1432.876465,1473.060425,1415.042358,1469.741699,1469.741699,10798098671,1667.12011966,1596.1371583077675,0,0.025701973345602352,0.0
1469.705444,1469.705444,1331.494751,1335.329102,1335.329102,15762284723,1659.9073120599999,1571.298295802266,0,-0.0959088905613586,-0.0
1335.270752,1388.272217,1287.420898,1377.541382,1377.541382,18712714223,1653.8277930199997,1552.8452563925264,0,0.031122523149393073,0.0
1377.619019,1381.965698,1319.201416,1324.388184,1324.388184,14722317220,1647.6116406800002,1531.0874399741904,0,-0.03934969809775347,-0.0
1324.215576,1384.476929,1229.426758,1252.607788,1252.607788,20643507800,1640.00488774,1504.5655683576008,0,-0.05572299631774199,-0.0
1251.567383,1336.157837,1240.968262,1327.680176,1327.680176,18461527259,1634.1810010200002,1487.7193405140197,0,0.0582055821669062,0.0
1327.481201,1353.28833,1270.198364,1328.259521,1328.259521,18771106339,1628.5820752200002,1472.5326910364938,0,0.0004362636771031231,0.0
1328.244629,1346.255249,1312.640259,1317.993286,1317.993286,12098209717,1620.2968481599999,1457.8146524615897,0,-0.007759112416125314,-0.0
1317.938477,1333.371338,1275.627686,1294.216797,1294.216797,11802651633,1612.3480224800003,1442.2339043223906,0,-0.018204619754507406,-0.0
1294.386108,1335.526367,1282.049316,1335.32019,1335.32019,16034549271,1605.06740968,1432.0516458154962,0,0.031265383560289774,0.0
1335.337036,1396.891479,1308.991455,1330.127686,1330.127686,17870598937,1596.15964114,1422.344602023544,0,-0.0038961636543780953,-0.0
1329.541382,1351.964478,1267.869263,1337.410889,1337.410889,18994979566,1588.84735844,1414.2556769736827,0,0.005460630384946216,0.0
1337.554443,1348.107666,1293.193359,1335.652344,1335.652344,13796915736,1578.5255518,1406.7696452619034,0,-0.0013157528276848479,-0.0
1335.646484,1368.743408,1320.383179,1327.978638,1327.978638,14250100093,1567.4606421400001,1399.2657398083888,0,-0.005761854612573603,-0.0
1328.193726,1332.516479,1306.102539,1311.644409,1311.644409,6227961237,1554.5486011200003,1390.9208511599709,0,-0.012376341020396352,-0.0
1311.753418,1316.330078,1275.33606,1276.093506,1276.093506,7578351650,1540.44374028,1379.984913525688,0,-0.027478161259121746,-0.0
1276.163452,1326.554443,1271.150879,1323.439209,1323.439209,10153070907,1528.17648442,1374.5996083327652,0,0.036430346829651364,0.0
1323.27832,1364.970947,1320.07666,1362.126587,1362.126587,10139774963,1517.33445318,1373.4117015391687,0,0.028813335773920482,0.0
1361.9729,1362.451782,1320.855103,1352.837158,1352.837158,9774451820,1506.82840826,1371.4522212021052,0,-0.006843159705667704,-0.0
1352.806641,1380.404907,1349.449951,1351.709473,1351.709473,12033514861,1497.2026050399998,1369.5719594685713,0,-0.0008339180049073871,-0.0
1351.836426,1359.328125,1321.746094,1332.516968,1332.516968,10061619355,1486.9127881400002,1366.0429126620409,0,-0.014300456759458284,-0.0
1332.371338,1335.954834,1307.072998,1315.500488,1315.500488,5804676208,1480.9630518,1361.229348408513,0,-0.0128524184757575,-0.0
1315.460205,1327.668823,1309.344604,1322.604248,1322.604248,5486230123,1475.87506108,1357.550767417226,0,0.005385515648950318,0.0
1322.618652,1335.66272,1291.337646,1291.337646,1291.337646,8794491050,1469.3154346,1351.2447558536808,0,-0.02392409209701775,-0.0
1291.109619,1296.273926,1272.737671,1279.575684,1279.575684,9274845260,1462.4568310999998,1344.419129962854,0,-0.009150089912394568,-0.0
1279.7323,1303.075195,1277.527466,1294.906372,1294.906372,8355638578,1455.0995606,1339.7036292044868,0,0.011909866824567461,0.0
1294.424561,1297.564209,1275.206299,1276.60498,1276.60498,8796088320,1447.49047612,1333.6942340421547,0,-0.014234198104650497,-0.0
